,spy,spy_lag1,sp500,nasdaq,dji,cac40,daxi,aord,hsi,nikkei,Price
0,-0.1399839999999699,,,,,,,-9.799804000000222,76.99023500000476,-8.910156000001734,289.399994
1,0.2599789999999871,-0.1399839999999699,0.5800779999999577,-15.37011800000073,39.41992200000095,5.5,29.150390999999217,14.5,-62.390625,67.48046899999827,289.26001
2,1.8700259999999957,0.2599789999999871,2.929932000000008,12.240235000001121,32.16992200000095,3.6596679999993285,-11.890625,-24.200195999999778,-25.28906299999653,29.03906199999983,289.519989
3,1.1599729999999795,1.8700259999999957,16.95996100000002,101.54980399999931,120.35156199999983,15.620117000000391,-43.0996099999993,38.5,209.07031200000347,-139.05859300000157,291.390015
4,3.490021000000013,1.1599729999999795,13.840087999999923,49.27978599999915,261.27929700000095,126.93994100000054,252.05957099999978,80.60009799999989,-22.728516000002855,110.69921899999827,292.549988
5,-1.910004000000015,3.490021000000013,29.050048999999944,117.19042900000113,175.22070299999905,37.709960999999566,88.1503900000007,39.3999019999992,241.58007900000302,45.11914099999922,296.040009
6,0.10000600000000759,-1.910004000000015,3.109863000000132,-58.760254000000714,83.73828199999843,-16.599608999999873,-57.59960900000078,-33.60009699999955,-107.79882800000269,-229.02929700000095,294.130005
7,-0.5299989999999752,0.10000600000000759,-1.2900389999999788,11.890137000000323,-21.509765999999217,-0.08007799999995768,-43.87011700000039,11.200195000000349,112.36914100000286,62.42968699999983,294.230011
8,-1.9500120000000152,-0.5299989999999752,-5.639893000000029,-35.310058000000026,4.0,-34.530273999999736,-81.23046900000008,-11.0,-261.9804690000019,-44.25976599999922,293.700012
9,-0.4400019999999927,-1.9500120000000152,-19.70996100000002,-71.35009799999989,-132.18945299999905,4.850097999999889,-16.360351999999693,-18.3999019999992,175.82031299999653,18.910155999998096,291.75
10,1.2699890000000096,-0.4400019999999927,-6.410155999999915,5.439940999999635,-75.6992190000019,3.7099609999995664,97.7402349999993,26.8999019999992,268.4804690000092,181.28906300000017,291.309998
11,4.100006000000008,1.2699890000000096,13.280029000000013,49.39990299999954,82.20898500000112,-17.209960999999566,-5.490234999999302,-43.79980499999965,-89.97070299999541,-6.300780999998096,292.579987
12,-1.0700080000000298,4.100006000000008,38.46997099999999,157.09033200000158,199.92968699999983,92.95996099999957,313.57031300000017,32.19970699999885,-28.47851599999558,163.7011719999973,296.679993
13,1.5700080000000298,-1.0700080000000298,-6.75,-59.2001960000016,-86.33007799999905,-5.75,-69.41015599999992,9.700196000001597,73.16992200000459,54.839843000001565,295.609985
14,0.2600089999999682,1.5700080000000298,13.420165999999881,42.91992200000004,112.79101599999922,0.8603510000011738,1.3701170000003913,29.0,-96.20117199999368,-45.910156999998435,297.179993
15,-0.4299919999999702,0.2600089999999682,6.169922000000042,-6.290038999999524,35.42968699999983,43.55957099999887,96.04980400000022,30.799803999998403,-10.69921900000918,-38.480469000001904,297.440002
16,-1.4700010000000248,-0.4299919999999702,-4.479980000000069,-10.369628999999804,-32.109375,-8.879882999999609,-12.229492000000391,30.89990300000045,-181.4511720000046,42.77148400000078,297.01001
17,2.8299860000000194,-1.4700010000000248,-14.25,-51.5,-110.52148400000078,-33.660156000000825,-90.94042900000022,-64.5,-183.45117199999368,-131.4394539999994,295.540009
18,0.9500119999999583,2.8299860000000194,23.780029000000013,121.77978499999972,126.84179700000095,-1.9199219999991328,-104.20996100000048,-7.299803999998403,-40.400391000002855,-33.0,298.369995
19,0.5299990000000321,0.9500119999999583,10.320068000000447,36.09033200000067,98.19921800000157,-15.89990300000045,-23.97949299999891,27.60009699999955,83.94140600000173,34.019530999998096,299.320007
20,1.2799989999999752,0.5299990000000321,3.7399899999995796,-10.080078000000867,189.3300779999954,27.24023500000021,-11.970703000000867,28.099609999999302,69.75,96.3398440000019,299.850006
21,-0.4800109999999904,1.2799989999999752,14.439941999999974,53.97949300000073,225.19921899999827,-30.52001999999993,-82.51953099999992,-17.0,251.52148399999714,-34.24023400000078,301.130005
22,-0.8999939999999924,-0.4800109999999904,-5.670166000000336,-11.519532000000254,-15.369139999995241,21.94970700000067,28.089844000000085,-41.0996099999993,35.689453000002686,-109.13085900000078,300.649994
23,-2.5599980000000073,-0.8999939999999924,-7.02978499999972,-27.660155999999915,-28.410156999998435,-6.92968700000074,45.600586000000476,-10.400390000000698,129.40039100000286,-5.451171000000613,299.75
24,2.850007000000005,-2.5599980000000073,-26.229980999999498,-72.24023400000078,-128.92968700000347,28.069824000000153,37.67968699999983,28.20019500000035,68.62109300000157,-290.56054700000095,297.190002
25,-2.430024000000003,2.850007000000005,25.389892999999574,89.58007800000087,54.40038999999888,-64.22021500000028,-235.54003899999952,-28.6000980000008,180.25,320.4902340000008,300.040009
26,1.5300300000000107,-2.430024000000003,-22.330077999999958,-69.3496099999993,-72.20117099999698,42.96044900000106,108.30956999999944,50.80029300000115,-241.01953100000173,22.03906300000017,297.609985
27,0.04998699999998735,1.5300300000000107,12.810058000000026,70.50976599999922,57.67968699999983,-30.69042900000113,-59.05956999999944,-5.0,74.4414059999981,195.44140600000173,299.140015
28,1.75,0.04998699999998735,4.030029999999897,-15.139648000000307,30.380858999997145,40.30029300000024,141.08007799999905,31.29980499999965,-54.10156199999983,-17.410155999998096,299.190002
29,-0.17999199999997018,1.75,17.489990000000034,67.31933600000048,-14.849608999997145,27.259765000000698,125.859375,49.8999019999992,18.81054700000459,40.60156200000347,300.940002
30,1.1199949999999603,-0.17999199999997018,-3.0100099999999657,-0.37988299999960873,-81.390625,28.870116999999482,65.5,39.5,-8.330079000003025,-42.04882799999905,300.76001
31,-1.970000999999968,1.1199949999999603,11.219970999999987,30.799804000000222,26.240233999997145,-74.00976499999979,-212.15917900000022,-22.60009699999955,-156.390625,-10.75,301.880005
32,1.0799859999999626,-1.970000999999968,-16.81005899999991,-93.33007800000087,-46.849608999997145,25.92968699999983,34.42968699999983,32.10009699999955,86.67968699999983,27.490234000000783,299.910004
33,-3.38998399999997,1.0799859999999626,8.56005899999991,59.030274000000645,99.27929700000459,12.080077999999958,-0.04980499999874155,16.89990300000045,-153.5292970000046,-4.851561999999831,300.98999
34,-3.75,-3.38998399999997,-35.899902999999995,-100.2397460000002,-364.8105470000046,-99.22021400000085,-249.1503900000007,-31.599609999999302,-16.511719000001904,179.41015600000173,297.600006
35,-5.7600100000000225,-3.75,-36.42016599999988,-134.14013700000032,-351.19921899999827,-10.599609999999302,-14.379882999999609,-24.800293000001147,-31.94921900000918,-123.90039099999922,293.850006
36,-2.17999199999997,-5.7600100000000225,-45.82983400000012,-233.08984400000008,-269.42968700000347,-73.36035100000026,-101.0302730000003,-25.799803999998403,-329.1503899999989,-189.6914059999981,288.089996
37,-1.5100100000000225,-2.17999199999997,-36.890135999999984,-18.82031200000074,-448.61132799999905,-131.4697269999997,-275.2392579999996,-135.5000000000009,503.8105460000006,259.7910159999992,285.910004
38,5.220001000000025,-1.5100100000000225,-2.530029999999897,-57.239745999999286,3.6015619999998307,-50.560058000000026,-68.17089900000065,-164.1000979999999,19.308594000001904,-31.509765999999217,284.399994
39,2.9599919999999997,5.220001000000025,37.56005899999991,174.31982400000015,272.2988280000027,7.209960000000137,-53.92968699999983,42.0,121.32031200000347,64.06054600000061,289.619995
40,-2.6199960000000146,2.9599919999999997,34.300048999999944,75.60009699999955,250.57031299999653,80.45019599999978,116.62011700000039,53.79980499999965,-339.6191409999992,-73.33007799999905,292.579987
41,-2.2200010000000248,-2.6199960000000146,-23.439941999999974,-89.69970699999885,-167.17968799999653,35.65966800000024,53.86035199999969,21.10009700000046,-44.75976599999922,22.75976499999888,289.959991
42,0.330016999999998,-2.2200010000000248,-26.350097000000005,-55.12011700000039,-281.02929700000095,-6.4497070000006715,-5.76074300000073,6.700195999999778,-255.31835999999748,-14.859375,287.73999
43,-3.1900019999999927,0.330016999999998,13.429931000000124,24.959960999999566,146.19921899999827,-69.45019599999978,-168.20996099999866,-22.0,-408.82031199999983,81.40039099999922,288.070007
44,1.6000060000000076,-3.1900019999999927,-47.949951000000056,-87.12988299999961,-520.830077999999,74.6000980000008,125.90039099999922,29.39990200000011,549.7207039999994,94.8398440000019,284.880005
45,5.709991000000002,1.6000060000000076,18.54003899999998,38.14990300000045,163.91992200000095,-92.64013700000032,-236.29003899999952,-186.70019500000035,249.25976499999888,-27.310546999997314,286.480011
46,-0.4200129999999831,5.709991000000002,48.739990000000034,177.83007799999996,341.890625,-20.27978499999972,-61.80957000000126,-4.89990299999954,297.03906299999653,71.87109399999827,292.190002
47,0.7100219999999808,-0.4200129999999831,5.530029999999897,-16.82031300000108,66.79882799999905,78.50976599999922,219.06933600000048,64.60009799999989,-25.0,128.59961000000112,291.769989
48,0.75,0.7100219999999808,3.030029000000013,27.709960999999566,58.5,30.459961000000476,32.06054600000061,76.89990200000011,109.5,-78.06054700000095,292.480011
49,-2.3099980000000073,0.75,8.899902000000111,21.72021500000119,126.28125,-3.560059000000365,-38.12011700000039,-54.79980400000022,-224.1894530000027,130.92968700000347,293.230011
50,-3.6500239999999735,-2.3099980000000073,-19.869873000000098,-95.14013700000123,-137.42968699999983,54.780274000000645,82.54980500000056,20.39990200000011,121.44921899999827,-64.40038999999888,290.920013
51,2.270019999999988,-3.6500239999999735,-44.37011699999994,-114.06982399999924,-308.16015699999843,-1.3999030000004495,49.27050799999961,21.29980499999965,358.33007799999905,-11.140625,287.269989
52,-3.3999939999999924,2.270019999999988,26.439941999999974,79.19970699999976,188.41015699999843,-103.25,-185.82031300000017,-83.29980499999965,-51.910155999998096,5.109375,289.540009
53,5.579985999999963,-3.3999939999999924,-31.859864000000016,-110.42968699999892,-301.4707039999994,39.689941999999974,18.849609999999302,34.60009799999989,-151.59960900000078,-39.57031199999983,286.140015
54,2.5,5.579985999999963,49.09008800000038,147.42968699999892,536.0996099999975,22.22998000000007,66.16015599999992,35.19970699999976,97.16992200000095,62.878906999998435,291.72000099999997
55,-3.6499939999999924,2.5,26.719970999999532,69.3803710000002,227.30078100000173,-13.080077999999958,-17.830077999999048,4.900390000000698,-286.91015600000173,-5.560547000000952,294.22000099999997
56,2.57000800000003,-3.6499939999999924,-28.080077999999958,-108.72021500000028,-278.1308590000008,92.60009799999989,163.45996100000048,92.5,-1.2792969999973138,43.580078000002686,290.570007
57,3.6499939999999924,2.57000800000003,15.659912000000077,43.37011800000073,103.73046800000157,31.830077999999958,89.69042900000022,-20.70019500000035,-18.470703999999387,70.47070299999905,293.140015
58,1.3800039999999854,3.6499939999999924,35.93017599999985,111.47998000000007,301.16015699999843,0.9296870000007402,-18.049804000000222,-4.0,848.0703129999965,285.6503899999989,296.790009
59,0.9700020000000222,1.3800039999999854,19.72998000000007,64.29003899999952,187.09960900000078,34.560058999999455,122.01953099999992,-17.39990200000011,2.669922000000952,-2.259764999998879,298.170013
60,-1.7800300000000107,0.9700020000000222,8.09985400000005,5.330077999999958,75.98046899999827,50.66992200000004,73.94042999999874,64.69970699999976,-82.37109300000157,103.859375,299.140015
61,1.1100159999999732,-1.7800300000000107,-17.419922000000042,-80.93017599999985,-60.40039099999922,22.47998000000007,28.099609000000783,31.900390000000698,-61.95898400000078,28.529296000000613,297.359985
62,2.779999000000032,1.1100159999999732,10.399902000000111,41.70019600000069,122.22070300000269,14.290039000000434,64.87011700000039,7.3999030000004495,-148.3007809999981,131.09960999999748,298.47000099999997
63,0.5299990000000321,2.779999000000032,27.67016599999988,114.89990200000011,269.26953199999843,-19.479980000000978,0.009765999999217456,-32.1000980000008,368.4199220000046,-1.4804689999982656,301.25
64,-1.940003000000047,0.5299990000000321,3.1298830000000635,-16.010254000001623,19.34960900000442,19.550293000000238,130.95996100000048,24.20019500000035,-196.34961000000112,80.45898500000112,301.77999900000003
65,0.10000600000000759,-1.940003000000047,-15.800048999999944,-68.92968699999892,-70.609375,27.520019000000502,57.56054699999913,13.5,198.17968699999255,53.730469000001904,299.839996
66,0.5499879999999848,0.10000600000000759,-0.7399900000000343,27.00976499999888,-135.94140600000173,15.27978499999972,13.319336000000476,11.39990300000045,-88.33984399999827,-53.93945299999905,299.940002
67,1.0400090000000546,0.5499879999999848,5.830077999999958,25.97021500000119,65.27148399999714,-22.620116999999482,-25.040038999999524,4.8999019999992015,-152.7207039999994,-20.011719000001904,300.48999
68,-1.1700140000000374,1.0400090000000546,8.86010699999997,18.969726999999693,110.66015600000173,-23.64990200000102,-16.719726999999693,19.70019500000035,-84.31054700000095,-51.65039000000252,301.52999900000003
69,-2.80999700000001,-1.1700140000000374,-1.9401849999999286,-8.709961000000476,-83.87109300000157,6.959961000000476,-9.729492000000391,-10.5,-351.78125,3.490234999997483,300.359985
70,1.86001600000003,-2.80999700000001,-24.919922000000042,-78.38964899999883,-250.7304690000019,7.780273000000307,-5.310547000000952,34.0,-97.21093699999983,58.33007799999905,297.549988
71,-3.4500130000000127,1.86001600000003,18.929932000000008,40.739745999999286,182.6210940000019,37.66992200000004,106.65039100000104,13.799804999999651,-241.21875,-112.27929700000095,299.410004
72,1.6700139999999806,-3.4500130000000127,-34.07983400000012,-156.56982400000015,-167.359375,23.939941999999974,-30.27050799999961,22.1000980000008,-19.21093800000017,-56.02929700000095,295.959991
73,0.19998200000003408,1.6700139999999806,17.37988200000018,79.45996100000048,137.39843699999983,-34.8500980000008,-63.339844000000085,-4.5,-217.3613289999994,-37.99023400000078,297.630005
74,-1.859986000000049,0.19998200000003408,-0.26000900000008187,-23.010254000000714,-16.849608999997145,-45.959960999999566,-118.87988299999961,-41.89990300000045,-33.22070299999905,53.800781000001734,297.829987
75,1.7699890000000096,-1.859986000000049,-18.399902999999995,-83.02001899999959,-134.92968800000745,-24.87011700000039,-22.310547000000952,-29.10009699999955,-23.169921999997314,33.99023400000078,295.97000099999997
76,-6.2399899999999775,1.7699890000000096,16.619873000000098,62.74023399999987,110.20898500000476,53.810058000000026,100.02050799999961,38.5,247.55859300000157,-80.48046899999827,297.73999
77,-3.6900019999999927,-6.2399899999999775,-58.90991200000008,-175.70019500000035,-536.6796880000002,8.709961000000476,40.019530999999915,-24.10009699999955,141.21875,94.0195309999981,291.5
78,3.330016999999998,-3.6900019999999927,-39.400146000000404,-64.10986299999968,-386.83984399999827,60.05029300000024,101.8603519999997,52.3999019999992,278.8710940000019,-70.48046899999827,287.809998
79,2.3299859999999626,3.330016999999998,33.1801760000003,121.4199209999997,232.67968799999653,-109.06005800000094,-247.92968799999835,-99.70019500000035,-348.48046899999827,93.29882800000269,291.140015
80,-2.42999199999997,2.3299859999999626,25.66992100000016,47.97021500000028,230.63085900000078,-155.1303710000002,-263.43066400000134,-141.5996099999993,44.66992200000095,96.54101500000252,293.47000099999997
81,-0.29000899999999774,-2.42999199999997,-23.830077999999958,-58.140135999999984,-225.74023400000078,24.82031200000074,50.459961000000476,25.199706999999762,-54.07031199999983,95.71093799999653,291.040009
82,0.4299930000000245,-0.29000899999999774,-9.299804000000222,-2.310059000000365,31.640625,19.939941999999974,89.12011700000039,49.80029300000024,82.359375,48.93945299999905,290.75
83,5.089995999999985,0.4299930000000245,7.4499510000000555,8.600098000000798,9.119140000002517,49.239745999999286,-124.06933500000014,27.0,321.6191399999989,143.5,291.179993
84,-0.3399959999999851,5.089995999999985,44.52001900000005,142.77978499999972,376.8496099999975,-67.8496099999993,109.06933500000014,-46.70019500000035,0.9199210000006133,-6.6503909999992175,296.269989
85,1.170012999999983,-0.3399959999999851,2.739990999999918,-2.989745999999286,72.2304690000019,62.81982400000015,165.9902349999993,-4.100097999999889,-105.20117100000061,0.7089840000007825,295.929993
86,1.2699890000000096,1.170012999999983,7.800048000000061,30.5,44.769530999998096,55.97021500000028,219.9003900000007,58.99999999999909,110.37890600000173,-35.88085900000078,297.100006
87,1.3099980000000073,1.2699890000000096,16.069825000000037,44.959960999999566,161.11132800000632,69.37988299999961,96.89941499999986,36.0,39.451170999996975,7.679688000000169,298.369995
88,-0.9899910000000318,1.3099980000000073,11.090087999999923,57.10009699999955,60.070311999992555,30.410156000000825,78.5,5.3999030000004495,-190.9707030000027,5.611327999999048,299.679993
89,0.7300109999999904,-0.9899910000000318,-3.929932000000008,-27.060057999999117,-27.890625,26.64990299999863,11.140625,79.9003900000007,10.458985000001121,25.160156000001734,298.690002
90,1.1599740000000338,0.7300109999999904,-0.36010799999985466,-12.430176000000756,-151.82031199999255,-23.47021499999937,-18.310547000000952,-51.70019500000035,-27.611328000002686,46.57031300000017,299.420013
91,-1.8499760000000265,1.1599740000000338,14.25,50.70019500000035,-2.2402340000044205,-26.839844000000085,24.919922000000952,-33.1000980000008,-205.25,12.830078000002686,300.579987
92,2.1799930000000245,-1.8499760000000265,-16.719970000000103,-97.87988299999961,-15.189453999999387,-20.040038999999524,95.80078099999992,-0.6997069999988526,146.9199219999973,23.341796000000613,298.730011
93,-1.1700140000000374,2.1799930000000245,20.770019000000048,89.79980499999965,58.68945399999939,11.939940999999635,-54.81054700000095,20.89990300000045,-128.25,-110.05078100000173,300.910004
94,3.200012000000015,-1.1700140000000374,-11.459961000000021,-29.45019500000035,-104.32031300000017,-27.680175000000418,157.70996100000048,-0.39990300000044954,121.15039100000286,16.939453999999387,299.73999
95,0.05999800000000732,3.200012000000015,28.8000490000004,135.17968699999983,250.7207029999954,60.959960999999566,25.790038999999524,18.5,-240.80078100000537,120.27929700000095,302.940002
96,0.4299930000000245,0.05999800000000732,3.269775999999638,27.580078000000867,20.74023500000476,16.640136000000894,10.980469000000085,44.29980499999965,-99.2695309999981,133.2011710000006,303.0
97,0.7000119999999583,0.4299930000000245,4.350097000000005,-29.069336000000476,49.640625,25.830077999999958,48.93945300000087,1.299804999999651,198.27148399999714,-39.68945299999905,303.429993
98,0.7900080000000003,0.7000119999999583,7.159912000000077,30.099609999999302,77.65820300000269,7.37011799999982,-16.919922000000952,6.0,294.3203130000038,47.17968800000017,304.130005
99,2.9299930000000245,0.7900080000000003,3.820068999999876,20.669922000000952,-45.41992200000459,21.589842999999746,8.169922000000952,-53.79980499999965,247.4199220000046,-158.16992200000095,304.920013
100,-0.2600100000000225,2.9299930000000245,28.239990000000034,110.45019499999944,259.1113280000063,20.569824999999582,-25.5,-21.800293000001147,82.30078200000571,-90.29101500000252,307.850006
101,-0.559996999999953,-0.2600100000000225,1.8400879999999233,1.1201170000003913,98.16992199999368,-20.77978599999915,110.86035099999935,6.200196000001597,52.31054700000459,183.640625,307.589996
102,1.5400079999999434,-0.559996999999953,-5.6999510000000555,-20.049804000000222,2.509764999998879,38.87988300000052,111.37988300000143,20.699706999998853,156.63086000000112,-119.38085900000078,307.02999900000003
103,-0.7700189999999907,1.5400079999999434,11.919922000000042,28.540038999999524,87.41992200000459,37.2402349999993,16.610351999999693,11.800293000001147,-243.4199220000046,-183.94921899999827,308.570007
104,-0.37997500000000173,-0.7700189999999907,-5.770019999999931,-32.44043000000056,96.03906299999653,22.009765000000698,107.31933599999866,-38.39990300000045,-434.859375,142.79101599999922,307.799988
105,1.329987000000017,-0.37997500000000173,-0.9199220000000423,8.589844000000085,-105.53906299999653,41.2299809999995,-9.639648999998826,63.69970699999885,1.0195310000017344,112.50976599999922,307.420013
106,-0.8399959999999851,1.329987000000017,8.949951000000056,39.81054700000095,120.92968799999653,-21.419922000000042,-78.44042900000022,-3.6997069999988526,-189.69921800000157,-73.70898400000078,308.75
107,0.8800049999999828,-0.8399959999999851,-5.100097000000005,-16.050782000000254,-79.5507809999981,6.32031200000074,73.35058500000014,43.79980499999965,-120.54101599999922,-27.919921000000613,307.910004
108,2.229980000000012,0.8800049999999828,6.570067999999992,6.040038999999524,135.1601559999981,30.52978599999915,0.5195320000002539,-19.8999019999992,-203.28906299999653,-32.910156000001734,308.790009
109,0.5100100000000225,2.229980000000012,17.169922000000042,63.420899000000645,86.3398440000019,3.890135999999984,-45.71972699999969,-51.5,238.69921899999827,82.55078100000173,311.019989
110,1.1499939999999924,0.5100100000000225,9.989990000000034,4.679686999999831,149.68163999999524,-5.760253999999804,63.389648999998826,35.19970699999885,422.48046800000157,-0.03906199999983073,311.52999900000003
111,-1.3999939999999924,1.1499939999999924,9.540038999999979,48.859375,86.53906300000745,30.669922000000042,-5.939453999999387,58.10009699999955,-47.17968800000017,-78.08007799999905,312.679993
112,-0.38998400000002675,-1.3999939999999924,-12.790038999999979,-34.449217999999746,-200.20898500000112,6.57031299999926,-20.5,-27.199706999998853,-120.70898499999748,-15.080077999999048,311.27999900000003
113,0.19998099999997976,-0.38998400000002675,-6.169922000000042,-15.700195999999778,-59.271483999997145,-2.6499029999986305,-107.83007800000087,42.39990300000045,10.199218999998266,-49.74023400000078,310.890015
114,0.8900150000000053,0.19998099999997976,2.9199220000000423,2.669921999999133,10.951171999993676,-56.30029300000115,-44.45019499999944,-85.80029300000115,119.68945400000302,-203.5292969999973,311.089996
115,1.4299930000000245,0.8900150000000053,6.030029000000013,29.110351999999693,86.53906200000347,-20.140135999999984,62.769530999999915,-50.5996099999993,-269.98046899999827,140.86914099999922,311.980011
116,1.1999809999999798,1.4299930000000245,17.4101569999998,75.75,162.98046899999827,25.060058000000936,101.7402349999993,38.79980499999965,10.480468999998266,148.66992200000095,313.410004
117,0.25,1.1999809999999798,10.639892000000145,34.18945300000087,75.72070299999541,32.2299809999995,8.890625,16.700196000001597,130.09960999999748,-51.50976500000252,314.609985
118,-0.2699890000000096,0.25,1.6899419999999736,12.419921999999133,-53.310546999993676,9.57031199999983,34.68945300000087,54.19970699999885,-358.890625,7.390625,314.859985
119,-5.940001999999993,-0.2699890000000096,-3.329834000000119,-9.169921999999133,6.58007799999541,16.040039000000434,-43.47949200000039,60.80029300000115,-30.619140999999217,6.730468999998266,314.589996
120,2.0500180000000228,-5.940001999999993,-56.44018599999981,-212.1201170000004,-607.7597649999989,-33.5,-68.3603519999997,15.0,75.33007800000269,-113.61132800000269,308.649994
121,1.5299989999999752,2.0500180000000228,16.090087999999923,96.73046799999975,132.65038999999888,-14.060058000000936,85.67968800000017,-17.6000980000008,-8.830077999999048,37.79882799999905,310.700012
122,1.8899840000000268,1.5299989999999752,15.709961000000021,30.47949300000073,101.41992200000459,14.229980000000978,-225.31933600000048,17.29980499999965,-83.47070299999905,-29.28125,312.230011
123,0.3200069999999755,1.8899840000000268,15.41015600000037,46.32031199999983,103.62890699999843,-122.97998000000098,-40.95019599999978,-146.89990300000045,153.16992200000095,-24.46875,314.119995
124,-0.6199950000000172,0.3200069999999755,7.23998999999958,16.610351999999693,147.37109300000157,-61.16992199999913,145.7197269999997,0.0,-19.240234000000783,212.53906199999983,314.440002
125,0.20999200000005658,-0.6199950000000172,-6.5,-27.300782000000254,-86.40038999999888,82.28955099999894,-56.87011700000039,76.7001960000016,57.628906999998435,-2.849609999997483,313.820007
126,0.3999939999999924,0.20999200000005658,0.38989300000002913,7.560547000000952,-33.339843999998266,7.4902340000007825,60.06054700000095,22.3999019999992,235.3398440000019,-25.0,314.02999900000003
127,2.4400019999999927,0.3999939999999924,5.479980000000069,14.240234999999302,31.029296999993676,49.97998000000007,-81.7402349999993,22.8999019999992,156.20117200000095,-88.83984300000157,314.429993
128,2.3500059999999507,2.4400019999999927,25.419922000000042,68.54980400000022,225.30078100000173,-32.25,9.599609999999302,-24.299803999998403,193.25,-46.61132899999939,316.869995
129,0.7000120000000152,2.3500059999999507,16.979980999999498,77.39941399999952,68.02929700000459,10.540039999999863,92.12988199999927,0.0,-22.410156000001734,-76.81835999999748,319.22000099999997
130,0.0799870000000169,0.7000120000000152,11.770019000000502,38.160157000000254,30.08007799999541,27.180175000000418,215.70019599999978,-42.4003900000007,213.02148500000476,-100.17968800000017,319.920013
131,-0.20001200000001518,0.0799870000000169,-0.18994100000008984,5.180663999999524,69.68945299999541,97.65966800000024,-33.399413999999524,33.80029300000115,0.0,-8.599610000001121,320.0
132,0.6600030000000174,-0.20001200000001518,-2.889893000000029,4.319336000000476,-13.12890599999082,-22.209961000000476,41.40917900000022,105.89990300000045,-108.28906300000745,-30.720702999999048,319.799988
133,1.1300049999999828,0.6600030000000174,31.010009999999966,72.87011700000039,330.3300779999954,42.83007799999996,-124.91992199999913,-1.799804999999651,36.79882799999541,137.2207030000027,320.459991
134,-0.11999500000001717,1.1300049999999828,2.719970999999987,38.360350999999355,-116.86132799999541,-18.080077999999958,-39.64941400000134,10.0,-118.20898500000112,-116.02929700000095,321.589996
135,0.1799930000000245,-0.11999500000001717,-0.600097999999889,4.809570999999778,80.79101599999558,-7.52978499999972,-16.440429000000222,-14.399901999999202,-37.298828000002686,-114.31054700000095,321.47000099999997
136,2.089995999999985,0.1799930000000245,1.75,15.200195000001258,-33.109375,15.659667999999328,94.5097650000007,-18.200196000001597,191.75976600000286,-114.90039099999922,321.649994
137,-0.7899779999999623,2.089995999999985,20.030029000000013,79.25976599999922,135.8789059999981,34.030274000000645,33.550782000000254,-29.699706999998853,68.91015600000173,255.60156199999983,323.73999
138,-2.420012999999983,-0.7899779999999623,-7.139892000000145,-45.019532000000254,-20.58007799999541,13.62988199999927,-36.890625,11.60009699999955,-51.67968800000017,-12.730468000001565,322.950012
139,3.0100099999999657,-2.420012999999983,-24.910155999999915,-85.70996099999866,-240.11914100000286,,-67.7197269999997,29.89990300000045,294.1503899999989,209.58007799999905,320.52999900000003
140,-2.380004999999983,3.0100099999999657,29.489990000000034,120.7197269999997,224.3300779999954,,32.67968699999983,-14.699706999998853,-376.859375,37.29101599999922,323.540009
141,-0.6700140000000374,-2.380004999999983,-18.30981500000007,-63.03027300000031,-85.640625,-10.990234000000783,-180.89941399999952,-119.2001960000016,-100.31054700000459,56.13085900000078,321.160004
142,2.529999000000032,-0.6700140000000374,-8.810058000000026,-32.92968800000017,-87.83007799999541,-58.37011699999948,114.0996099999993,7.6000980000007985,-30.61914099999558,-6.9003909999992175,320.48999
143,-0.0799870000000169,2.529999000000032,24.310058000000026,133.1396480000003,173.67968800000017,46.0200190000005,-59.0996099999993,45.20019500000035,88.33984400000918,-27.068359999997483,323.019989
144,3.2200020000000222,-0.0799870000000169,-3.2700190000000475,-8.609375,-83.03906300000017,-8.64990200000102,334.26953199999843,2.1997069999988526,193.34960899999714,-62.18945299999905,322.940002
145,1.1300049999999828,3.2200020000000222,27.43994100000009,134.2392579999996,295.8300779999954,-6.75,58.70019500000308,86.2001960000016,-26.941406000001734,2.830077999999048,326.160004
146,-0.8999939999999924,1.1300049999999828,15.780029999999897,30.680663999999524,125.54882800000632,32.010254000000714,-11.599609000000783,-13.5,182.57031199999255,-208.25,327.290009
147,1.0799859999999626,-0.8999939999999924,-10.680176000000301,-19.230467999999746,-108.50976499999888,-46.410155999999915,-82.66015700000207,61.2998039999984,-264.3886720000046,195.859375,326.390015
148,-0.11999499999996033,1.0799859999999626,14.22021500000028,56.890625,26.490233999997145,79.93994099999964,5.75,50.5,-117.4804690000019,-48.07031300000017,327.47000099999997
149,2.3500060000000076,-0.11999499999996033,-3.0800779999999577,-16.850586000000476,6.300781000001734,-10.009765999999217,18.509766000002855,-21.699706999998853,76.91992199999731,-22.939452999999048,327.350006
150,2.0,2.3500060000000076,20.699951000000056,59.69042900000022,230.14843799999653,-15.830078000000867,50.02050799999779,57.79980499999965,68.25976600000286,-84.390625,329.700012
151,-0.8000180000000228,2.0,20.68994100000009,78.91992200000095,181.36132800000632,-3.4599609999995664,-9.650390999999217,35.5,-373.2089850000011,88.78125,331.700012
152,1.339995999999985,-0.8000180000000228,-2.6298830000000635,-31.299804000000222,-44.259766000002855,5.270019999999931,-46.92968700000165,45.1000980000008,-464.05078100000173,70.08007799999905,330.899994
153,-1.6099849999999947,1.339995999999985,8.989990999999918,52.540038999999524,-5.41992200000459,-3.100097999999889,144.75,21.699706999998853,224.53906300000017,-306.83007799999905,332.23999
154,1.8099970000000098,-1.6099849999999947,-14.25,-35.890625,-152.6113279999954,26.669922000000042,-145.75,16.0,-200.63085899999714,56.25976599999922,330.630005
155,-9.41000299999996,1.8099970000000098,17.330077999999958,68.49023400000078,119.37109399999827,26.680175999999847,56.93945300000087,-15.799804999999651,14.22070299999541,97.66992199999731,332.440002
156,2.0299989999999752,-9.41000299999996,-85.94018599999981,-353.75,-687.9003910000029,-58.7299809999995,-137.8496099999993,68.20019500000035,59.091795999996975,203.45898499999748,323.02999900000003
157,3.3200069999999755,2.0299989999999752,8.190185999999812,109.3603519999997,51.789063000007445,19.609863999999106,-100.98046800000157,-50.0,-581.4785159999992,-31.910155999998096,325.059998
158,-4.020019999999988,3.3200069999999755,34.10986300000013,116.43945299999905,226.25,-61.37988299999961,42.410155999999915,4.200195000000349,-444.9785159999992,232.49023499999748,328.380005
159,2.6400150000000053,-4.020019999999988,-33.010009999999966,-107.109375,-180.36914100000286,27.12988299999961,-129.92968799999835,30.89990300000045,167.37109399999827,-71.02929700000095,324.359985
160,-3.6499939999999924,2.6400150000000053,25.880126999999902,113.17968700000165,172.87890699999843,-95.54003899999952,10.309570999999778,37.5,184.32031299999653,54.191405999998096,327.0
161,4.720000999999968,-3.6499939999999924,-46.67016599999988,-133.61035100000117,-493.3886719999973,-37.25,-163.62988300000143,0.0,-82.58007899999939,120.0,323.350006
162,4.199982000000034,4.720000999999968,44.950194999999894,207.6699210000006,377.0898429999943,35.160155999999915,102.44043000000056,12.60009699999955,319.1699219999937,-22.029297000000952,328.070007
163,1.6400150000000053,4.199982000000034,44.299805000000106,175.70996100000048,351.9902350000011,-35.95019500000035,88.65917900000022,-101.30029300000115,47.990233999997145,-26.92968700000347,332.269989
164,-1.0899970000000394,1.6400150000000053,20.010009999999966,-33.1191400000007,339.84960899999714,5.689940999999635,346.06054700000095,27.700196000001597,149.1894529999954,33.46093699999983,333.910004
165,-1.589995999999985,-1.0899970000000394,-9.379883000000063,-14.340820999999778,-101.66015599999082,-69.66992199999913,-39.56054700000095,0.0,69.63085899999714,-204.76953199999843,332.820007
166,4.9299930000000245,-1.589995999999985,-17.260009999999966,-33.0097650000007,-291.25976600000286,41.31982400000015,-54.769530999999915,-2.200195000000349,106.43945300000632,71.36914099999922,331.230011
167,0.669983000000002,4.9299930000000245,47.59008800000038,187.2597650000007,395.05078199999843,55.70019599999978,128.74023400000078,-27.300293000001147,-223.65039100000286,-187.42968699999983,336.160004
168,-0.9700020000000222,0.669983000000002,4.629882999999609,7.709961000000476,16.03906199999983,125.97998000000007,66.41015699999843,-13.399901999999202,117.03906199999255,-41.02929700000095,336.829987
169,1.6500250000000278,-0.9700020000000222,-4.600097999999889,-31.55957000000126,29.27929700000459,-17.5,24.779297000000952,30.1000980000008,192.88867099999698,-343.9589849999975,335.859985
170,-1.0,1.6500250000000278,12.180175999999847,71.8603519999997,4.44140599999082,-19.060059000000365,60.54003900000134,33.89990300000045,-236.30078100000173,52.04882799999905,337.51001
171,1.2799989999999752,-1.0,-9.040038999999979,-49.86035199999969,-157.69140599999082,39.4799809999995,14.20019499999762,0.0,169.34960900000442,-307.5996090000008,336.51001
172,-0.05001900000002024,1.2799989999999752,11.34985400000005,103.76953099999992,29.919921999993676,16.290039000000434,-101.72949199999857,22.5,-158.11914100000286,-375.04882799999905,337.790009
173,-2.2699890000000096,-0.05001900000002024,0.06005799999957162,16.390625,-16.449218999998266,12.669922000000042,82.109375,-5.8999030000004495,-141.65039099999558,494.2910149999989,337.73999
174,-12.329985999999963,-2.2699890000000096,-19.9499509999996,-91.19042900000022,-149.7207029999954,19.14990200000011,23.390625,-12.900390000000698,-284.46874999999636,-569.2597650000025,335.47000099999997
175,0.7999869999999873,-12.329985999999963,-102.88989300000003,-519.5693359999987,-743.5996090000044,-16.540039000000434,-164.5,29.10009699999955,170.83984399999827,202.8613280000027,323.140015
176,-9.760008999999968,0.7999869999999873,-18.67016599999988,112.75976499999888,-365.2792969999973,-37.14990200000011,-378.56054700000095,17.800293000001147,0.0,-70.75,323.940002
177,-8.720002000000022,-9.760008999999968,-99.04003899999998,-289.6503899999989,-878.1894530000027,43.72998000000098,-99.33984400000008,-24.800293000001147,249.44921899999827,-260.05078100000173,314.179993
178,-16.759978999999987,-8.720002000000022,-77.35986300000013,-267.51953200000025,-633.4609380000002,19.060058999999455,-449.8798829999996,0.0,-119.13085900000078,-644.5507810000017,305.459991
179,9.509978999999987,-16.759978999999987,-145.64013699999987,-474.2900389999995,-1255.169922000001,-70.14013700000032,-155.56054699999913,-111.60009699999955,213.9492190000019,392.2285159999992,288.700012
180,11.290008999999998,9.509978999999987,57.3801269999999,397.3994139999995,319.67968800000017,-159.16992199999913,-634.7294920000004,-163.0996099999993,-134.3105460000006,-342.19921899999827,298.209991
181,-3.380004999999983,11.290008999999998,122.17993200000001,297.9599610000005,1171.9609369999998,-50.489746000000196,138.39941399999952,-53.30029300000115,-99.49023400000078,-504.87890699999843,309.5
182,-1.1399840000000268,-3.380004999999983,-50.70996100000002,-131.0,-378.7910149999989,-179.22998000000098,-17.209961000000476,-225.8999019999992,419.7089849999975,-752.4199219999973,306.119995
183,-11.830016999999998,-1.1399840000000268,29.949951000000056,-44.0097650000007,288.2402340000008,-74.41992199999913,-20.469725999999355,-40.19970699999976,-251.109375,-584.0410149999989,304.980011
184,-17.850006000000008,-11.830016999999998,-121.5,-321.07031300000017,-1214.7089840000008,-260.9003910000001,198.82031199999983,50.5,-93.55859300000157,284.5800780000027,293.149994
185,9.34002700000002,-17.850006000000008,-90.31005800000003,-511.08935499999916,-464.85156300000017,105.20019599999978,-496.8505860000005,-113.10009799999989,106.83007799999905,-427.5292969999973,275.299988
186,-3.94000299999999,9.34002700000002,-50.40991299999996,261.82958999999846,-539.359375,-7.87011799999982,-1004.4794919999986,73.89990200000011,-228.35156300000017,-442.9394530000027,284.640015
187,-24.700012000000015,-3.94000299999999,12.12011799999982,-83.50976599999922,151.63085900000078,-7.719726000000264,34.90039099999922,-184.8999020000001,-348.5996090000008,317.2089840000008,280.700012
188,7.089995999999985,-24.700012000000015,-194.73999099999992,-737.669922,-2419.9199210000006,90.08984400000008,-123.1308599999993,-464.89990299999954,1513.5898430000016,885.46875,256.0
189,-21.91000299999996,7.089995999999985,-60.87011699999994,211.81005900000036,-210.890625,-236.70019599999978,-737.859375,173.39990299999954,-254.24023400000078,1099.830077999999,263.089996
190,3.859999999999985,-21.91000299999996,-61.39990200000011,-217.66015700000025,-1056.2910159999992,-408.5498040000002,-383.2099610000005,-206.5,261.97070299999905,-570.169922000001,241.17999300000002
191,-8.78999300000001,3.859999999999985,-82.93017599999985,-320.72998000000007,-430.4785159999992,-74.64990299999954,-752.2998040000002,-418.39990299999954,-731.5195309999981,367.4589850000011,245.039993
192,3.0,-8.78999300000001,10.840087999999923,-169.68017600000076,-298.3613280000027,-54.39990200000011,412.68945299999905,219.80029300000024,-512.25,200.90038999999888,236.25
193,3.279999000000032,3.0,-43.02001999999993,94.1303710000011,-358.67968699999983,-341.55029300000024,-527.8203129999984,-532.5,657.7304690000019,-264.890625,239.25
194,-14.33999700000004,3.279999000000032,38.45996100000002,251.6196289999989,423.140625,-140.29980499999965,-117.40917900000022,274.5996099999993,0.0,-620.7089849999975,242.52999900000003
195,6.229996,-14.33999700000004,-141.22998000000007,-400.7900389999995,-1224.7910159999992,-347.5500490000004,584.5498040000002,-334.0,165.9199210000006,-115.6992190000019,228.190002
196,10.449997000000025,6.229996,53.72998000000007,348.8701169999995,693.830077999999,154.51000999999997,-544.1601559999999,-189.39990299999954,271.2792969999973,-131.25,234.419998
197,4.650008999999983,10.449997000000025,113.33007899999984,225.20996100000048,1328.1503909999992,-135.80004899999994,705.7294919999986,44.89990299999954,-252.49023400000078,718.310547000001,244.86999500000002
198,3.75,4.650008999999983,43.52001900000005,40.85009799999989,418.0410150000025,-71.54003899999998,745.310547000001,0.0,-284.1308590000008,71.32031300000017,249.520004
199,2.4299930000000245,3.75,54.58007800000041,92.04003900000043,430.08984399999827,232.80004899999994,-366.1298829999996,189.19970699999976,154.25976599999922,305.48046800000157,253.270004
200,4.860000999999983,2.4299930000000245,3.1098629999996774,29.209960999999566,-220.25,-197.780029,172.25976599999922,252.9003900000007,-9.789062000003469,-30.230468999998266,255.69999700000002
201,-12.580002000000007,4.860000999999983,55.70996100000002,156.6000980000008,530.1992190000019,218.600097,-67.62011700000039,129.0,-280.11132799999905,-1.5703130000001693,260.559998
202,-2.789994000000007,-12.580002000000007,-116.60986300000013,-280.56005900000036,-981.0390630000002,252.0998539999996,244.91015599999992,-261.0,441.390625,-268.63867200000095,247.979996
203,5.569993000000039,-2.789994000000007,-39.54003899999998,-142.04980499999965,-407.9199210000006,-6.919921999999133,-360.1201170000004,319.8999020000001,163.16015600000173,488.5097659999992,245.190002
204,7.080000999999953,5.569993000000039,56.37988300000006,159.81982499999958,466.46875,101.16015599999992,-23.219726999999693,-83.39990200000011,190.28906300000017,-39.160156000001734,250.75999500000003
205,16.369995000000017,7.080000999999953,63.36010699999997,182.8999020000001,407.7011710000006,-71.86035100000026,-52.180663999999524,180.10009700000046,160.23828199999843,-21.10156200000347,257.839996
206,-6.25,16.369995000000017,160.3698730000001,469.82031200000074,1843.8085939999983,75.68994099999964,353.7607420000004,-102.0,-220.95117200000095,321.41015699999843,274.209991
207,9.619996000000015,-6.25,-53.64990200000011,-154.2700190000005,-643.96875,-177.83984400000008,575.0800789999994,-81.80029300000024,119.00976499999888,-20.730468000001565,267.959991
208,-0.4399720000000116,9.619996000000015,91.98999000000003,193.28955099999894,797.1894530000027,-16.10009699999955,-162.55078200000025,216.70019599999978,87.79101599999922,-199.0507809999981,277.579987
209,3.839995999999985,-0.4399720000000116,5.469970999999987,-41.31982499999958,8.269531999998435,-39.02978499999972,189.09082099999978,-22.300293000000238,-354.51953100000173,28.769530999998096,277.140015
210,-3.410004000000015,3.839995999999985,22.640136999999868,225.52002000000084,-8.359375,93.68994099999964,243.31933600000048,-42.5,-19.0,116.40038999999888,280.980011
211,1.579987000000017,-3.410004000000015,-9.46020499999986,2.75,-89.84961000000112,190.8999020000001,-55.77929699999913,180.60009700000046,-77.83007799999905,-69.859375,277.570007
212,6.23001099999999,1.579987000000017,3.700194999999894,123.15039099999922,-57.060546999997314,-92.04003899999952,-257.93066400000134,103.10009799999989,-173.54101599999922,372.3808590000008,279.149994
213,-2.770019999999988,6.23001099999999,43.089844000000085,188.3701170000004,273.4902349999975,114.93994199999906,187.08984300000157,-19.20019500000035,-454.28906299999653,-4.990235000001121,285.380005
214,-5.879974000000004,-2.770019999999988,3.1901850000003833,-114.10058600000048,277.94921800000157,41.25,97.0,-55.69970699999976,352.82031199999983,88.00976499999888,282.609985
215,1.6199950000000172,-5.879974000000004,-60.81005800000048,-92.68945299999905,-729.8496090000008,-41.67968799999926,-184.90917900000022,77.10009700000046,-6.330077999999048,-372.62109399999827,276.730011
216,2.13998399999997,1.6199950000000172,3.079834000000119,-26.140625,72.08984399999827,-109.49023400000078,-149.19043000000056,-128.5,-13.220703000002686,206.25,278.350006
217,0.24002100000001292,2.13998399999997,22.530029000000013,94.29003899999952,105.75,68.54003900000043,67.12988299999961,-136.10009700000046,249.48046899999827,207.0,280.48999
218,4.389984000000027,0.24002100000001292,2.219970999999987,1.2402340000007825,85.15039000000252,60.41992200000004,-138.07031300000017,-4.800293000000238,174.84179700000095,56.92968700000347,280.730011
219,5.899993999999992,4.389984000000027,42.01000900000008,187.90039099999922,237.91015699999843,-63.8496099999993,251.76074300000073,-1.0,-142.42968700000347,-46.75,285.119995
220,0.5100100000000225,5.899993999999992,55.31005899999991,107.70996100000048,491.01953100000173,-85.29003900000043,107.39941399999952,27.900390000000698,-281.30859399999827,126.13085900000078,291.019989
221,0.17999199999997018,0.5100100000000225,8.5,-22.99023500000112,133.19921899999827,67.98974599999929,154.2705070000011,87.5996099999993,112.890625,-225.71093699999983,291.52999900000003
222,-6.399992999999995,0.17999199999997018,12.449951000000056,108.31933600000048,95.20117200000095,-63.160155999999915,382.4697269999997,-7.099609999999302,0.0,-112.31836000000112,291.709991
223,-4.57000800000003,-6.399992999999995,-61.81982400000015,-229.7294920000004,-464.7910159999992,92.83007800000087,-651.8496090000008,82.5996099999993,-140.17968800000017,36.11132799999905,285.309998
224,5.900025000000028,-4.57000800000003,-54.08007799999996,-125.96972599999935,-539.2285159999992,27.560058999999455,83.70996100000048,133.9003900000007,36.81054700000095,-36.07031200000347,280.73999
225,1.3999939999999924,5.900025000000028,53.86987299999964,254.33984299999975,377.33007799999905,58.87011700000039,89.43945299999905,-272.70019500000035,131.88085900000078,140.66015699999843,286.640015
226,-0.29000899999999774,1.3999939999999924,14.26001000000042,65.04003899999952,20.0,126.98974599999929,-75.7402349999993,64.5,-112.32031199999983,-140.2792969999973,288.040009
227,3.339995999999985,-0.29000899999999774,-4.8798830000000635,99.08007800000087,-141.6699210000006,-280.1396480000003,241.67089900000065,88.60009799999989,68.63085900000078,-195.78906299999653,287.75
228,-0.75,3.339995999999985,30.570067999999992,83.109375,270.609375,42.60009700000137,65.79980400000022,0.0,-208.3300789999994,88.24023499999748,291.089996
229,3.4500130000000127,-0.75,6.6298830000000635,-1.9794920000003913,148.6289059999981,28.419921999999133,-170.5,-14.89990299999954,-37.20898500000112,343.2089840000008,290.339996
230,-7.73001099999999,3.4500130000000127,24.04003899999998,170.2402349999993,36.390625,-27.72021500000028,-107.75,38.10009799999989,198.09960900000078,169.9199219999973,293.790009
231,-7.109985999999992,-7.73001099999999,-73.63989300000003,-219.10058599999866,-590.6796879999965,81.64990300000045,-251.95019500000126,71.10009799999989,-101.41992200000095,303.41015600000173,286.059998
232,3.419983000000002,-7.109985999999992,-71.32006799999999,-218.00976600000104,-653.0996090000008,23.10009699999955,52.80957000000126,-61.80029300000024,-62.95117200000095,70.25976599999922,278.950012
233,10.679992999999968,3.419983000000002,35.40991200000008,51.95019500000126,405.7695309999981,-87.75976499999979,213.0107429999989,16.400390000000698,-248.88085900000078,151.5,282.369995
234,1.3000180000000228,10.679992999999968,83.91015599999992,337.16015699999843,605.1503909999992,-52.93017599999985,517.0595699999994,-95.29980499999965,-826.7695310000017,150.08984399999827,293.049988
235,1.470000999999968,1.3000180000000228,34.72998099999995,50.30957000000126,517.5,-126.49023400000078,-171.58984399999827,74.79980499999965,226.54101500000252,-35.25,294.350006
236,0.9700020000000222,1.470000999999968,5.039794999999685,78.16015599999992,-121.54101599999922,20.960449000001063,58.790038999999524,0.0,186.32031200000347,-189.40039099999922,295.820007
237,-2.2200020000000222,0.9700020000000222,16.320068000000447,69.57031300000017,108.33007800000269,46.05956999999944,-191.83984400000008,101.29980499999965,-213.78125,250.65039099999922,296.790009
238,7.359986000000049,-2.2200020000000222,-21.89990200000011,-96.640625,-102.28906200000347,175.04003900000043,289.7597659999992,21.300293000000238,-73.99023400000078,56.11914000000252,294.570007
239,0.19000199999999268,7.359986000000049,56.03002900000001,222.66015599999992,319.859375,-101.44970699999976,302.95019500000126,-19.200195999999778,180.36132799999905,-44.75976599999922,301.929993
240,2.5299989999999752,0.19000199999999268,11.569824000000153,-155.08984400000008,516.7910150000025,9.299804999999651,41.20996099999866,-52.10009700000046,192.609375,185.94921899999827,302.119995
241,-2.19000299999999,2.5299989999999752,30.96020499999986,46.87011700000039,398.7285159999992,-62.10009799999989,216.58007800000087,121.10009700000046,203.69921899999827,-375.109375,304.649994
242,1.160004000000015,-2.19000299999999,-21.44018499999993,-10.640625,-373.2089840000008,100.72021500000028,-97.41015599999992,160.0,22.058593999998266,223.36132799999905,302.459991
243,2.9299929999999677,1.160004000000015,13.61010699999997,89.07031299999835,18.839843000001565,105.75976599999922,247.33007799999905,-5.0,-277.53906299999653,,303.619995
244,3.6900019999999927,2.9299929999999677,26.0,95.11035100000117,239.52929700000095,33.47021500000028,250.41992200000095,72.89990299999954,382.23046800000157,,306.549988
245,0.8699950000000172,3.6900019999999927,34.1198730000001,85.33007899999939,324.36132799999905,96.33984300000066,242.91015599999992,-85.5996099999993,-241.28125,,310.23999
246,6.120025999999996,0.8699950000000172,12.6601569999998,-2.209961000000476,319.609375,15.870116999999482,175.1298829999996,66.19970699999976,151.21093699999983,,311.109985
247,2.9899899999999775,6.120025999999996,52.28002900000001,53.88964800000031,610.310547000001,42.74023500000021,157.51953200000025,21.700195999999778,-129.2988280000027,,317.230011
248,0.0799870000000169,2.9899899999999775,36.07983400000012,119.90039100000104,396.12890699999843,23.15966799999933,137.1503900000007,104.79980400000022,-517.689452999999,,320.22000099999997
249,1.1200249999999983,0.0799870000000169,13.40014599999995,43.75,214.4394530000027,111.57031200000074,-140.67968700000165,47.10009799999989,380.6816400000025,,320.299988
250,-9.96002199999998,1.1200249999999983,0.09985400000005029,145.1298829999996,-195.47851600000286,82.7299809999995,-495.7304690000001,4.5,,,321.420013
251,-3.2200010000000248,-9.96002199999998,-89.88989300000003,-221.0800789999994,-969.3808590000008,66.7397460000002,-347.08007799999905,146.3999020000001,,,311.459991
252,,-3.2200010000000248,-52.489990000000034,-75.37011700000039,-623.0898439999983,98.37988299999961,,6.39990299999954,,,308.23999
